<?xml version="1.0" encoding="UTF-8"?>
<!--

ADOBE SYSTEMS INCORPORATED

 Copyright 2014 Adobe Systems Incorporated

 All Rights Reserved.

NOTICE: Adobe permits you to use, modify, and distribute this file in accordance
with the terms of the Adobe license agreement accompanying it. If you have received
this file from a source other than Adobe, then your use, modification, or distribution
of it requires the prior written permission of Adobe.

Sample Schema

This example demonstrates how a new schema can be defined in a metadata extension package. Here a schema named 'sampleSchema' is defined. All the allowed data types that can be used are shown. There are two categories of data types:
1. Simple or Primitive Types: These are the basic units. Following is the list of simple data Types:

	a. 'boolean' :Allowed values are True or False (the strings should be spelled exactly as shown) 
	b. 'integer' :A signed or unsigned numeric string used as an integer number representation
	c. 'text' :A Unicode string
	d. 'real' :A numeric value of arbitrary precision. 
	e. 'openchoice' :An open choice is a list of one or more of preferred values, but other values can be freely used
	f. 'closedchoice' :A closed choice only allows values from the defined list
	g. 'seq' : An ordered array 
	h. 'bag' : An unordered array
	i. 'alt' : An alternative array
	j. 'date' : A string representing a date in yyyy/dd/mm hh:mm:ss.pp +hh:ss format
	k. 'rating' : A numeric value of real type between 0-5. Will be represented as 'Rating Stars' in the UI
	l. 'URL' : A string to store a URL. On the UI this will appears as a special widget through which user can open the URL by clicking a button
	
	All the simple data types are tied to a Default Widget. For mapping please refer the documentation. This default mapping can be overridden, for some type, in the view.xml file.

2. Composed data types: These data types can be created by users as combinations of Primitive data types. For example a new composed data type can be created grouping number of primitive data types (like structures). Composed types can be created in two ways:
		a. Extending a primitive data type: A new type Temperature can be created by extending 'real' type
		b. Creating structure: Several primitive data types can be grouped into one.
		
This sample schema will demonstrate how properties, with all the different data types, are defined.		
-->
<xmp_definitions>
  <!-- Defining the namespace and prefix of the schema --> 	
	<xmp_schema prefix='sampleSchema' namespace='http://my.sampleSchema.namespace/' label='Sample Schema for Demonstration' description='This example demonstrates how a new schema can be created'>
		
		<!-- Starting defining the properties, for definition of different attribute please refer documentation -->

		<xmp_property name='Boolean' category='external' type='boolean' label="$$$/sampleSchema/Property/BooleanInputLabel=Boolean Field1"  description='$$$/sampleSchema/Property/BooleanInputDescription=Defining Boolean data type'/>
		
		<!-- By changing category to internal the property becomes read only-->	
		<xmp_property name='Boolean_readOnly' category='internal' type='boolean' label="$$$/sampleSchema/Property/Boolean_readonlyInputLabel=Boolean Field2 (read only)"  description='$$$/sampleSchema/Property/Boolean_readOnlyInputDescription=Defining read only Boolean data type'/>
		
		<xmp_property name='Integer' category='external' type='integer' label="$$$/sampleSchema/Property/IntegerInputLabel=Integer Field"  description='$$$/sampleSchema/Property/IntegerInputDescription=Defining Integer data type'/>
		
		<xmp_property name='Text' category='external' type='text' label="$$$/sampleSchema/Property/TextInputLabel=Text Field"  description='$$$/sampleSchema/Property/TextInputDescription=Defining Text data type'/>

		<xmp_property name='Real' category='external' type='real' label="$$$/sampleSchema/Property/RealInputLabel=Real Field"  description='$$$/sampleSchema/Property/RealInputDescription=Defining Real data type'/>

		<!-- In OpenChoice data type the element_type defines what type of list it is -->
		<xmp_property name='OpenChoice' category='external' type='openchoice' element_type='text' label="$$$/sampleSchema/Property/OpenChoiceInputLabel=OpenChoice Field"  description='$$$/sampleSchema/Property/OpenChoiceInputDescription=Defining openchoice data type'>
			<!-- Choices should be provided for Open Choice property -->
				<xmp_choice raw_value="" label="$$$/sampleSchema/Property/Choice_NoColor=(select color)"/>

				<xmp_choice raw_value="red" label="$$$/sampleSchema/Property/Choice_Red=red"/>

				<xmp_choice raw_value="green" label="$$$/sampleSchema/Property/Choice_Green=green"/>

				<xmp_choice raw_value="blue" label="$$$/sampleSchema/Property/Choice_Blue=blue"/>		
		</xmp_property>	
		
		<!-- In closedchoice data type the element_type defines what type of list it is -->
		<xmp_property name='ClosedChoice' category='external' type='closedchoice' element_type='text' label="$$$/sampleSchema/Property/ClosedChoiceInputLabel=ClosedChoice Field"  description='$$$/sampleSchema/Property/ClosedChoiceInputDescription=Defining closedchoice data type'>
			<!-- Choices should be provided for Closed Choice property -->
				<xmp_choice raw_value="" label="$$$/sampleSchema/Property/Choice_NoColor=(select color)"/>

				<xmp_choice raw_value="red" label="$$$/sampleSchema/Property/Choice_Red=red"/>

				<xmp_choice raw_value="green" label="$$$/sampleSchema/Property/Choice_Green=green"/>

				<xmp_choice raw_value="blue" label="$$$/sampleSchema/Property/Choice_Blue=blue"/>		
		</xmp_property>	

		<!-- In seq data type the element_type defines what type of sequence it is, below is a sequence of text -->
		<xmp_property name='Sequence' category='external' type='seq' element_type="text" label="$$$/sampleSchema/Property/SeqInputLabel=Sequence Field"  description='$$$/sampleSchema/Property/SeqInputDescription=Defining Seq data type'/>
		
		<!-- In bag data type the element_type defines what type of sequence it is, below is a bag of text -->
		<xmp_property name='Bag' category='external' type='bag' element_type="text" label="$$$/sampleSchema/Property/BagInputLabel=Bag Field"  description='$$$/sampleSchema/Property/BagInputDescription=Defining Bag data type'/>

		<xmp_property name='Alt' category='external' type='alt' element_type="text" label="$$$/sampleSchema/Property/AltInputLabel=Alt Field"  description='$$$/sampleSchema/Property/AltInputDescription=Defining alt data type'/>		
		
		<xmp_property name='Date' category='external' type='date' label="$$$/sampleSchema/Property/DateInputLabel=Date Field"  description='$$$/sampleSchema/Property/DateInputDescription=Defining Date data type'/>

		<xmp_property name='Rating' category='external' type='rating' label="$$$/sampleSchema/Property/RatingInputLabel=Rating Field"  description='$$$/sampleSchema/Property/RatingInputDescription=Defining Rating data type'/>	
		
		<xmp_property name='URL' category='external' type='url' label="$$$/sampleSchema/Property/URLInputLabel=URL Field"  description='$$$/sampleSchema/Property/URLInputDescription=Defining URL data type'/>
		
		<!-- Using Composed data types, which are defined in the end -->
		
		<xmp_property name='ExtendsOpenChoice' category='external' type='openchoice_type' label="$$$/sampleSchema/Property/e_OpenChoiceInputLabel=Extends OpenChoice"  description='$$$/sampleSchema/Property/e_OpenChoiceInputDescription=Data Type Extending openchoice'/>
		
		<xmp_property name='ExtendsReal' category='external' type='temperature' label='$$$/sampleSchema/Property/e_temperatureInputLabel=Extends Real'  description='$$$/sampleSchema/Property/e_temperatureDescription=Data Type Extending Real'/>		
		
		<xmp_property name='ComposedStruct' category='external' type='struct_type' label="$$$/sampleSchema/Property/ComposedStructLabel=Composed Struct"  description='$$$/sampleSchema/Property/ComposedStructDescription=Defining Structure'/>	
		
		<!-- Defining array of structure -->
		<xmp_property name="ArrOfStruct" category='external' type="bag" element_type="struct_type" label='$$$/sampleSchema/Property/ArrOfStructInputLabel=Array Of Structure' description='$$$/sampleSchema/Property/ArrOfStructDescription=Defining Array of Structure'/>
	
	</xmp_schema> <!-- Schema Definition ends here -->
  
	<!-- Defining Composed Types --> 

	<!-- This one extends a primitive type -->
	<xmp_type name='openchoice_type' extends='openchoice' element_type='text'>
		<xmp_choice raw_value='default' label='$$$/sampleSchema/Property/C_Choice_Default=Default'/>
		<xmp_choice raw_value='choice1' label='$$$/sampleSchema/Property/C_Choice_Choice1=Choice 1'/>
		<xmp_choice raw_value='choice2' label='$$$/sampleSchema/Property/C_Choice_Choice2=Choice 2'/>
		<xmp_choice raw_value='choice3' label='$$$/sampleSchema/Property/C_Choice_Choice3=Choice 3'/>
	</xmp_type>

	<xmp_type name='temperature' extends='real' />

	<!-- This one defines a structure -->
	<xmp_type name='struct_type' description='$$$/sampleSchema/Property/structTypeDescription=Defining Structure' label='$$$/sampleSchema/Property/structTypeLabel=Struct Type'>
	  
		<xmp_field name='s_text' prefix='stSample' namespace='http://my.sampleSchema.namespace/struct#' type='text' label='$$$/sampleSchema/Property/S_Text_Label=S_Text' description='$$$/sampleSchema/Property/S_Text_Description=Text Field in Struct'/>
		
		<xmp_field name='s_url' prefix='stSample' namespace='http://my.sampleSchema.namespace/struct#' type='url' label='$$$/sampleSchema/Property/S_URL_Label=S_URL' description='$$$/sampleSchema/Property/S_URL_Description=URL Field in Struct'/>
		
		<xmp_field name='s_boolean' prefix='stSample' namespace='http://my.sampleSchema.namespace/struct#' type='boolean' label='$$$/sampleSchema/Property/S_Boolean_Label=S_Boolean' description='$$$/sampleSchema/Property/S_Boolean_Description=Boolean Field in Struct'/>
		
	</xmp_type>
  
</xmp_definitions>
